user_id,first_name,last_name,contact_no,email_id,qualifications,address,registration_date,update_date,age,gender,dob,keywords
601,Ralph,Hugonneau,919-758-4794,rhugonneau0@cocolog-nifty.com,DVM,8039 Burning Wood Center,1577836800,1602012485,55,0,1/1/1961,Cancer
602,Abramo,Bazell,536-962-2919,abazell1@europa.eu,FRCS,25364 Atwood Pass,1577836800,1626181784,47,0,1/1/1981,heart
603,Mureil,Corbett,754-502-3288,mcorbett2@reverbnation.com,DVM,809 Emmet Parkway,1577836800,1678812065,52,1,1/1/1941,heart
604,Bev,Gomm,842-289-2017,bgomm3@reference.com,MD,84227 Donald Junction,1577836800,1683611126,58,0,1/1/1984,heart
605,Almira,Yven,704-865-8750,ayven4@fotki.com,MBBS,36893 Summit Plaza,1577836800,1611695893,48,1,1/1/2006,heart
606,Alethea,Kemmet,252-232-7445,akemmet5@guardian.co.uk,MD,080 Schiller Center,1577836800,1636332580,60,1,1/1/1961,eye
607,Danica,Hullot,379-776-6220,dhullot6@amazon.co.uk,DVM,18133 Ronald Regan Circle,1577836800,1582922599,30,1,1/2/1961,eye
608,Ramonda,Mosby,446-644-3931,rmosby7@cocolog-nifty.com,MRCP,8 Debra Road,1577836800,1580532368,36,1,1/3/1961,eye
609,Gradey,Maggs,672-772-0329,gmaggs8@jugem.jp,DVM,4 Birchwood Hill,1577836800,1652084083,49,0,1/4/1961,eye
610,Coralyn,Brain,201-767-2371,cbrain9@cbsnews.com,MSc,14 Westend Avenue,1577836800,1634805910,39,1,1/5/1961,cancer
