user_id,email_id,password,last_login_date
1,gdollen0@mediafire.com,"yS8_+Og,20",1699546850
2,omumm1@webnode.com,aA8_ub.Y53Y,1699324694
3,chay2@sogou.com,"kC7.cD44,&vp",1699235709
4,dhooks3@elpais.com,fO3@cHhX,1699847585
5,rditzel4@acquirethisname.com,eV3_$+I5,1699190233
30001,mgarric0@comsenz.com,qH7#r%pFW7DZs.1,1699015813
30002,drosendahl1@123-reg.co.uk,gI7@`U'Rw,1699033178
30003,jwestwood2@edublogs.org,aU6#@~YrrzD>*,1699791287
30004,wambrogiotti3@nytimes.com,"nB6'""@+F1f,",1698988712
30005,chansel4@slideshare.net,tI3@4Yzo?T`O@,1698889201
30006,chubeaux5@slate.com,pX3/#~p3e4r+,1699008696
30007,mairlie6@google.co.uk,zY9.H=MDT},1699518408
30008,aosirin7@qq.com,xR6\/&Y@8,1699570142
30009,elewer8@artisteer.com,nY0'Y67mhwuFLKL,1699075143
30010,osotheby9@spotify.com,tQ7<`qzWP}dL,1699967789
30011,kpallina@blogger.com,tS0#6ZJrE,1699262874
30012,mollerb@biglobe.ne.jp,uV9{=_r|ZSF2\t,1699966835
30013,lmccarneyc@networksolutions.com,rN9~3}8#Vz2A6W,1699673480
30014,toscollaind@woothemes.com,gP8*x=I&zh,1698961651
30015,mrosellie@utexas.edu,lI3?h&w4c,1699744703
30016,naryf@irs.gov,gP3`'X@#jgxmiSu,1698855590
30017,csabaterg@studiopress.com,tP8=?LMZ0I,1699111175
30018,acornockh@phoca.cz,"sE8>#s(""""nr",1698928090
30019,nponcefordi@google.com,dZ0&?hpCt/_anR,1699916424
30020,mreddingj@qq.com,zP6?hUJfOR=o*J,1699638112
601,rhugonneau0@cocolog-nifty.com,"qZ8|V2""eX@o\",1698897232
602,abazell1@europa.eu,vO3!o}C$p_4,1699910417
603,mcorbett2@reverbnation.com,eI9~=a_n4!,1698861616
604,bgomm3@reference.com,uN9%~_@?Sw,1699340460
605,ayven4@fotki.com,kN1}Zp{E&\+s3R',1699927112
606,akemmet5@guardian.co.uk,tV1#mXC*M,1699095636
607,dhullot6@amazon.co.uk,pU1/Y`L19QD,1699802229
608,rmosby7@cocolog-nifty.com,uC0%)YaYS>bdic2p,1699613472
609,gmaggs8@jugem.jp,iL8(A1}OA!In$SX$,1699156635
610,cbrain9@cbsnews.com,hS9@cB0g'iJ*(C/f,1699902463
