user_id,first_name,last_name,email_id,address,age,dob,gender,contact_no,emergency_contact,registration_date,update_date
30001,Michail,Garric,mgarric0@comsenz.com,216 Maryland Place,62,1/1/61,1,940-352-9271,"  { ""name"": ""James Hall"",  ""contact_no"": ""413-413-9999"", ""email_id"": ""jhall@gmail.com"" }",1577836800,1603802113
30002,Darda ,Rosendahl,drosendahl1@123-reg.co.uk,449 Dennis Circle,42,1/1/81,1,246-871-9580,"  { ""name"": ""James Hall"",  ""contact_no"": ""413-413-9999"", ""email_id"": ""jhall@gmail.com"" }",1577836800,1599085339
30003,Jaquenetta ,Westwood,jwestwood2@edublogs.org,46062 Almo Parkway,82,1/1/41,1,546-219-3312,"  { ""name"": ""James Hall"",  ""contact_no"": ""413-413-9999"", ""email_id"": ""jhall@gmail.com"" }",1577836800,1644531028
30004,Willard ,Ambrogiotti,wambrogiotti3@nytimes.com,7 Bobwhite Center,39,1/1/84,0,892-970-8916,"  { ""name"": ""James Hall"",  ""contact_no"": ""413-413-9999"", ""email_id"": ""jhall@gmail.com"" }",1577836800,1604024071
30005,Colly ,Hansel,chansel4@slideshare.net,9007 7th Lane,17,1/1/06,1,516-638-4719,"  { ""name"": ""James Hall"",  ""contact_no"": ""413-413-9999"", ""email_id"": ""jhall@gmail.com"" }",1577836800,1660569233
30006,Calla ,Hubeaux,chubeaux5@slate.com,50 Ryan Pass,62,1/1/61,1,576-956-0804,"  { ""name"": ""James Hall"",  ""contact_no"": ""413-413-9999"", ""email_id"": ""jhall@gmail.com"" }",1577836800,1606486590
30007,Meris ,Airlie,mairlie6@google.co.uk,129 Commercial Street,40,1/1/83,0,570-112-4814,"  { ""name"": ""James Hall"",  ""contact_no"": ""413-413-9999"", ""email_id"": ""jhall@gmail.com"" }",1577836800,1622678627
30008,Ainsley ,O'Sirin,aosirin7@qq.com,0 1st Center,24,1/1/99,1,628-191-1586,"  { ""name"": ""James Hall"",  ""contact_no"": ""413-413-9999"", ""email_id"": ""jhall@gmail.com"" }",1577836800,1587382874
30009,Evvy ,Lewer,elewer8@artisteer.com,240 New Castle Pass,45,1/1/78,1,893-279-4790,"  { ""name"": ""James Hall"",  ""contact_no"": ""413-413-9999"", ""email_id"": ""jhall@gmail.com"" }",1577836800,1622063140
30010,Oswell ,Sotheby,osotheby9@spotify.com,32181 Novick Point,47,1/1/76,0,116-634-8003,"  { ""name"": ""James Hall"",  ""contact_no"": ""413-413-9999"", ""email_id"": ""jhall@gmail.com"" }",1577836800,1640961626
30011,Kyle ,Pallin,kpallina@blogger.com,3 Lakewood Gardens Terrace,73,1/1/50,1,783-566-2600,"  { ""name"": ""James Hall"",  ""contact_no"": ""413-413-9999"", ""email_id"": ""jhall@gmail.com"" }",1577836800,1622524148
30012,Mahalia ,Oller,mollerb@biglobe.ne.jp,728 Vahlen Center,13,1/1/10,1,237-122-6571,"  { ""name"": ""James Hall"",  ""contact_no"": ""413-413-9999"", ""email_id"": ""jhall@gmail.com"" }",1577836800,1647470226
30013,Loise ,McCarney,lmccarneyc@networksolutions.com,11 Glacier Hill Court,18,1/1/05,0,307-354-4630,"  { ""name"": ""James Hall"",  ""contact_no"": ""413-413-9999"", ""email_id"": ""jhall@gmail.com"" }",1577836800,1667173764
30014,Trixie ,O'Scollain,toscollaind@woothemes.com,560 Trailsway Street,24,1/1/99,0,317-589-2508,"  { ""name"": ""James Hall"",  ""contact_no"": ""413-413-9999"", ""email_id"": ""jhall@gmail.com"" }",1577836800,1671482467
30015,Maryellen ,Roselli,mrosellie@utexas.edu,4150 Artisan Crossing,31,1/1/92,1,227-892-0376,"  { ""name"": ""James Hall"",  ""contact_no"": ""413-413-9999"", ""email_id"": ""jhall@gmail.com"" }",1577836800,1641668553
30016,Nancy ,Ary,naryf@irs.gov,8 Memorial Hill,82,1/1/41,0,555-185-0064,"  { ""name"": ""James Hall"",  ""contact_no"": ""413-413-9999"", ""email_id"": ""jhall@gmail.com"" }",1577836800,1685269563
30017,Charmion ,Sabater,csabaterg@studiopress.com,52 Brentwood Alley,33,1/1/90,1,648-842-9778,"  { ""name"": ""James Hall"",  ""contact_no"": ""413-413-9999"", ""email_id"": ""jhall@gmail.com"" }",1577836800,1604801525
30018,Anthony ,Cornock,acornockh@phoca.cz,826 Sunnyside Alley,71,1/1/52,0,173-939-0051,"  { ""name"": ""James Hall"",  ""contact_no"": ""413-413-9999"", ""email_id"": ""jhall@gmail.com"" }",1577836800,1630481959
30019,Nanine ,Ponceford,nponcefordi@google.com,88 La Follette Way,46,1/1/77,0,782-220-0523,"  { ""name"": ""James Hall"",  ""contact_no"": ""413-413-9999"", ""email_id"": ""jhall@gmail.com"" }",1577836800,1680150914
30020,Mary ,Redding,mreddingj@qq.com,7346 Bunker Hill Plaza,58,1/1/65,0,817-979-5570,"  { ""name"": ""James Hall"",  ""contact_no"": ""413-413-9999"", ""email_id"": ""jhall@gmail.com"" }",1577836800,1587217232